﻿<?xml version="1.0" encoding="utf-8"?>
<SuperMemoCollection>
  <Count>2</Count>
  <SuperMemoElement>
    <ID>1</ID>
    <Title>P. Holland - 1600</Title>
    <Type>Topic</Type>
    <Content>
      <Question>The Dictatour and Generall..exhibited the games called Cereales..to the honour of Ceres. --P. Holland, 1600</Question>
      <SuperMemoReference>&amp;lt;H5 dir=ltr align=left&amp;gt;&amp;lt;Font size=&amp;quot;1&amp;quot; style=&amp;quot;color: transparent&amp;quot;&amp;gt; SuperMemo Reference:&amp;lt;/font&amp;gt;&amp;lt;br&amp;gt;&amp;lt;FONT class=reference&amp;gt;Title:&amp;quot;My Test Quote&amp;quot; &amp;lt;br&amp;gt;Source: Oxford English Dictionary</SuperMemoReference>
    </Content>
  </SuperMemoElement>
  <SuperMemoElement>
    <ID>2</ID>
    <Title>C. Darwin - 1868</Title>
    <Type>Topic</Type>
    <Content>
      <Question>The slow and gradual improvement of our cereals. --C. Darwin, 1868</Question>
      <SuperMemoReference>&amp;lt;H5 dir=ltr align=left&amp;gt;&amp;lt;Font size=&amp;quot;1&amp;quot; style=&amp;quot;color: transparent&amp;quot;&amp;gt; SuperMemo Reference:&amp;lt;/font&amp;gt;&amp;lt;br&amp;gt;&amp;lt;FONT class=reference&amp;gt;Title:&amp;quot;My Test Quote&amp;quot; &amp;lt;br&amp;gt;Source: Oxford English Dictionary</SuperMemoReference>
    </Content>
  </SuperMemoElement>
</SuperMemoCollection>